Image_Name,True_Color,File_Path
89_p0_vest.jpg,Orange,./Data_Vest_Crops/train/89_p0_vest.jpg
51_p0_vest.jpg,Orange,./Data_Vest_Crops/train/51_p0_vest.jpg
50_p0_vest.jpg,Orange,./Data_Vest_Crops/train/50_p0_vest.jpg
20250330_180308_warning_trespassing_p1_vest.jpg,Yellow,./Data_Vest_Crops/train/20250330_180308_warning_trespassing_p1_vest.jpg
20250330_180308_warning_trespassing_p0_vest.jpg,Orange,./Data_Vest_Crops/train/20250330_180308_warning_trespassing_p0_vest.jpg
20250330_180306_warning_trespassing_p1_vest.jpg,Yellow,./Data_Vest_Crops/train/20250330_180306_warning_trespassing_p1_vest.jpg
20250330_180306_warning_trespassing_p0_vest.jpg,Orange,./Data_Vest_Crops/train/20250330_180306_warning_trespassing_p0_vest.jpg
20250330_180302_warning_trespassing_p1_vest.jpg,Yellow,./Data_Vest_Crops/train/20250330_180302_warning_trespassing_p1_vest.jpg
20250330_180302_warning_trespassing_p0_vest.jpg,Orange,./Data_Vest_Crops/train/20250330_180302_warning_trespassing_p0_vest.jpg
20250330_180258_warning_trespassing_p0_vest.jpg,Yellow,./Data_Vest_Crops/train/20250330_180258_warning_trespassing_p0_vest.jpg
20250330_180257_warning_trespassing_p1_vest.jpg,Yellow,./Data_Vest_Crops/train/20250330_180257_warning_trespassing_p1_vest.jpg
20250330_180257_warning_trespassing_p0_vest.jpg,Orange,./Data_Vest_Crops/train/20250330_180257_warning_trespassing_p0_vest.jpg
20241106_104208_warning_trespassing_p0_vest.jpg,Yellow,./Data_Vest_Crops/train/20241106_104208_warning_trespassing_p0_vest.jpg
20241103_110420_warning_trespassing_p0_vest.jpg,Yellow,./Data_Vest_Crops/train/20241103_110420_warning_trespassing_p0_vest.jpg
20241101_175802_warning_trespassing_p1_vest.jpg,Yellow,./Data_Vest_Crops/train/20241101_175802_warning_trespassing_p1_vest.jpg
20241101_175802_warning_trespassing_p0_vest.jpg,Orange,./Data_Vest_Crops/train/20241101_175802_warning_trespassing_p0_vest.jpg
20241031_133604_warning_trespassing_p0_vest.jpg,Orange,./Data_Vest_Crops/train/20241031_133604_warning_trespassing_p0_vest.jpg
20241031_094342_warning_trespassing_p0_vest.jpg,Yellow,./Data_Vest_Crops/train/20241031_094342_warning_trespassing_p0_vest.jpg
20240918_102742_warning_trespassing_p0_vest.jpg,Yellow,./Data_Vest_Crops/train/20240918_102742_warning_trespassing_p0_vest.jpg
20240918_102721_warning_trespassing_p0_vest.jpg,Yellow,./Data_Vest_Crops/train/20240918_102721_warning_trespassing_p0_vest.jpg
20240908_181952_warning_trespassing_p0_vest.jpg,Yellow,./Data_Vest_Crops/train/20240908_181952_warning_trespassing_p0_vest.jpg
20240908_181640_warning_trespassing_p1_vest.jpg,Yellow,./Data_Vest_Crops/train/20240908_181640_warning_trespassing_p1_vest.jpg
20240908_125845_warning_trespassing_p3_vest.jpg,Yellow,./Data_Vest_Crops/train/20240908_125845_warning_trespassing_p3_vest.jpg
20240908_125845_warning_trespassing_p2_vest.jpg,Orange,./Data_Vest_Crops/train/20240908_125845_warning_trespassing_p2_vest.jpg
20240908_124732_warning_trespassing_p2_vest.jpg,Yellow,./Data_Vest_Crops/train/20240908_124732_warning_trespassing_p2_vest.jpg
20240908_122541_warning_trespassing_p0_vest.jpg,Yellow,./Data_Vest_Crops/train/20240908_122541_warning_trespassing_p0_vest.jpg
20240908_121443_warning_trespassing_p1_vest.jpg,Yellow,./Data_Vest_Crops/train/20240908_121443_warning_trespassing_p1_vest.jpg
20240908_121443_warning_trespassing_p0_vest.jpg,Orange,./Data_Vest_Crops/train/20240908_121443_warning_trespassing_p0_vest.jpg
20240908_121045_warning_trespassing_p2_vest.jpg,Yellow,./Data_Vest_Crops/train/20240908_121045_warning_trespassing_p2_vest.jpg
20240906_102826_warning_trespassing_p0_vest.jpg,Yellow,./Data_Vest_Crops/train/20240906_102826_warning_trespassing_p0_vest.jpg
20240820_114406_warning_trespassing_p0_vest.jpg,Orange,./Data_Vest_Crops/train/20240820_114406_warning_trespassing_p0_vest.jpg
20240807_125639_warning_trespassing_p1_vest.jpg,Orange,./Data_Vest_Crops/train/20240807_125639_warning_trespassing_p1_vest.jpg
20240802_123736_warning_trespassing_p2_vest.jpg,Orange,./Data_Vest_Crops/train/20240802_123736_warning_trespassing_p2_vest.jpg
20240802_123736_warning_trespassing_p1_vest.jpg,Orange,./Data_Vest_Crops/train/20240802_123736_warning_trespassing_p1_vest.jpg
20240802_123736_warning_trespassing_p0_vest.jpg,Orange,./Data_Vest_Crops/train/20240802_123736_warning_trespassing_p0_vest.jpg
20240802_123558_warning_trespassing_p2_vest.jpg,Yellow,./Data_Vest_Crops/train/20240802_123558_warning_trespassing_p2_vest.jpg
20240802_123558_warning_trespassing_p0_vest.jpg,Orange,./Data_Vest_Crops/train/20240802_123558_warning_trespassing_p0_vest.jpg
20240802_123448_warning_trespassing_p1_vest.jpg,Orange,./Data_Vest_Crops/train/20240802_123448_warning_trespassing_p1_vest.jpg
20240802_123448_warning_trespassing_p0_vest.jpg,Orange,./Data_Vest_Crops/train/20240802_123448_warning_trespassing_p0_vest.jpg
20240802_123425_warning_trespassing_p0_vest.jpg,Orange,./Data_Vest_Crops/train/20240802_123425_warning_trespassing_p0_vest.jpg
20240801_130556_warning_trespassing_p2_vest.jpg,Orange,./Data_Vest_Crops/train/20240801_130556_warning_trespassing_p2_vest.jpg
20240801_130556_warning_trespassing_p1_vest.jpg,Orange,./Data_Vest_Crops/train/20240801_130556_warning_trespassing_p1_vest.jpg
20240801_121650_warning_trespassing_p0_vest.jpg,Yellow,./Data_Vest_Crops/train/20240801_121650_warning_trespassing_p0_vest.jpg
20240801_120947_warning_trespassing_p2_vest.jpg,Yellow,./Data_Vest_Crops/train/20240801_120947_warning_trespassing_p2_vest.jpg
20240801_120947_warning_trespassing_p0_vest.jpg,Orange,./Data_Vest_Crops/train/20240801_120947_warning_trespassing_p0_vest.jpg
20240801_120737_warning_trespassing_p2_vest.jpg,Orange,./Data_Vest_Crops/train/20240801_120737_warning_trespassing_p2_vest.jpg
20240801_120737_warning_trespassing_p1_vest.jpg,Orange,./Data_Vest_Crops/train/20240801_120737_warning_trespassing_p1_vest.jpg
20240722_150145_warning_trespassing_p0_vest.jpg,Yellow,./Data_Vest_Crops/train/20240722_150145_warning_trespassing_p0_vest.jpg
20240620_164531_warning_trespassing_p0_vest.jpg,Yellow,./Data_Vest_Crops/train/20240620_164531_warning_trespassing_p0_vest.jpg
20240620_164321_warning_trespassing_p1_vest.jpg,Yellow,./Data_Vest_Crops/train/20240620_164321_warning_trespassing_p1_vest.jpg
20240620_164321_warning_trespassing_p0_vest.jpg,Orange,./Data_Vest_Crops/train/20240620_164321_warning_trespassing_p0_vest.jpg
20240609_173542_warning_trespassing_p0_vest.jpg,Yellow,./Data_Vest_Crops/train/20240609_173542_warning_trespassing_p0_vest.jpg
20240609_173300_warning_trespassing_p0_vest.jpg,Yellow,./Data_Vest_Crops/train/20240609_173300_warning_trespassing_p0_vest.jpg
20240604_182930_warning_trespassing_p1_vest.jpg,Orange,./Data_Vest_Crops/train/20240604_182930_warning_trespassing_p1_vest.jpg
20240604_182930_warning_trespassing_p0_vest.jpg,Yellow,./Data_Vest_Crops/train/20240604_182930_warning_trespassing_p0_vest.jpg
20240601_164053_warning_trespassing_p0_vest.jpg,Yellow,./Data_Vest_Crops/train/20240601_164053_warning_trespassing_p0_vest.jpg
20240520_165334_warning_trespassing_p0_vest.jpg,Yellow,./Data_Vest_Crops/train/20240520_165334_warning_trespassing_p0_vest.jpg
20240519_180554_warning_trespassing_p0_vest.jpg,Yellow,./Data_Vest_Crops/train/20240519_180554_warning_trespassing_p0_vest.jpg
20240519_170443_warning_trespassing_p0_vest.jpg,Yellow,./Data_Vest_Crops/train/20240519_170443_warning_trespassing_p0_vest.jpg
20240519_165924_warning_trespassing_p0_vest.jpg,Orange,./Data_Vest_Crops/train/20240519_165924_warning_trespassing_p0_vest.jpg
20240519_165103_warning_trespassing_p1_vest.jpg,Yellow,./Data_Vest_Crops/train/20240519_165103_warning_trespassing_p1_vest.jpg
20240519_165103_warning_trespassing_p0_vest.jpg,Orange,./Data_Vest_Crops/train/20240519_165103_warning_trespassing_p0_vest.jpg
20240519_163621_warning_trespassing_p2_vest.jpg,Orange,./Data_Vest_Crops/train/20240519_163621_warning_trespassing_p2_vest.jpg
20240519_163621_warning_trespassing_p1_vest.jpg,Yellow,./Data_Vest_Crops/train/20240519_163621_warning_trespassing_p1_vest.jpg
20240519_163621_warning_trespassing_p0_vest.jpg,Yellow,./Data_Vest_Crops/train/20240519_163621_warning_trespassing_p0_vest.jpg
20240519_162337_warning_trespassing_p1_vest.jpg,Orange,./Data_Vest_Crops/train/20240519_162337_warning_trespassing_p1_vest.jpg
20240519_162337_warning_trespassing_p0_vest.jpg,Yellow,./Data_Vest_Crops/train/20240519_162337_warning_trespassing_p0_vest.jpg
20240519_162319_warning_trespassing_p1_vest.jpg,Yellow,./Data_Vest_Crops/train/20240519_162319_warning_trespassing_p1_vest.jpg
20240519_162319_warning_trespassing_p0_vest.jpg,Orange,./Data_Vest_Crops/train/20240519_162319_warning_trespassing_p0_vest.jpg
20240519_162220_warning_trespassing_p0_vest.jpg,Orange,./Data_Vest_Crops/train/20240519_162220_warning_trespassing_p0_vest.jpg
20240519_141340_warning_trespassing_p0_vest.jpg,Yellow,./Data_Vest_Crops/train/20240519_141340_warning_trespassing_p0_vest.jpg
20240507_095900_warning_helmet_p0_vest.jpg,Yellow,./Data_Vest_Crops/train/20240507_095900_warning_helmet_p0_vest.jpg
20240505_125919_warning_helmet_p0_vest.jpg,Yellow,./Data_Vest_Crops/train/20240505_125919_warning_helmet_p0_vest.jpg
20240424_121736_warning_helmet_p1_vest.jpg,Orange,./Data_Vest_Crops/train/20240424_121736_warning_helmet_p1_vest.jpg
20240424_121736_warning_helmet_p0_vest.jpg,Orange,./Data_Vest_Crops/train/20240424_121736_warning_helmet_p0_vest.jpg
20240419_161416_warning_helmet_p0_vest.jpg,Orange,./Data_Vest_Crops/train/20240419_161416_warning_helmet_p0_vest.jpg
20240419_161405_warning_helmet_p0_vest.jpg,Orange,./Data_Vest_Crops/train/20240419_161405_warning_helmet_p0_vest.jpg
20240411_182017_warning_trespassing_p0_vest.jpg,Orange,./Data_Vest_Crops/train/20240411_182017_warning_trespassing_p0_vest.jpg
20240411_180534_warning_trespassing_p2_vest.jpg,Orange,./Data_Vest_Crops/train/20240411_180534_warning_trespassing_p2_vest.jpg
20240411_180534_warning_trespassing_p1_vest.jpg,Orange,./Data_Vest_Crops/train/20240411_180534_warning_trespassing_p1_vest.jpg
20240411_175949_warning_trespassing_p3_vest.jpg,Orange,./Data_Vest_Crops/train/20240411_175949_warning_trespassing_p3_vest.jpg
20240411_175949_warning_trespassing_p2_vest.jpg,Orange,./Data_Vest_Crops/train/20240411_175949_warning_trespassing_p2_vest.jpg
20240411_175949_warning_trespassing_p1_vest.jpg,Orange,./Data_Vest_Crops/train/20240411_175949_warning_trespassing_p1_vest.jpg
20240411_175949_warning_trespassing_p0_vest.jpg,Yellow,./Data_Vest_Crops/train/20240411_175949_warning_trespassing_p0_vest.jpg
20240411_175511_warning_trespassing_p1_vest.jpg,Orange,./Data_Vest_Crops/train/20240411_175511_warning_trespassing_p1_vest.jpg
20240411_175511_warning_trespassing_p0_vest.jpg,Yellow,./Data_Vest_Crops/train/20240411_175511_warning_trespassing_p0_vest.jpg
20240411_175441_warning_trespassing_p1_vest.jpg,Orange,./Data_Vest_Crops/train/20240411_175441_warning_trespassing_p1_vest.jpg
20240411_175316_warning_trespassing_p1_vest.jpg,Orange,./Data_Vest_Crops/train/20240411_175316_warning_trespassing_p1_vest.jpg
20240411_175316_warning_trespassing_p0_vest.jpg,Orange,./Data_Vest_Crops/train/20240411_175316_warning_trespassing_p0_vest.jpg
20240411_174857_warning_trespassing_p2_vest.jpg,Orange,./Data_Vest_Crops/train/20240411_174857_warning_trespassing_p2_vest.jpg
20240411_174857_warning_trespassing_p0_vest.jpg,Orange,./Data_Vest_Crops/train/20240411_174857_warning_trespassing_p0_vest.jpg
20240411_174819_warning_trespassing_p0_vest.jpg,Orange,./Data_Vest_Crops/train/20240411_174819_warning_trespassing_p0_vest.jpg
20240411_174524_warning_trespassing_p0_vest.jpg,Orange,./Data_Vest_Crops/train/20240411_174524_warning_trespassing_p0_vest.jpg
20240411_174154_warning_trespassing_p2_vest.jpg,Orange,./Data_Vest_Crops/train/20240411_174154_warning_trespassing_p2_vest.jpg
20240411_174154_warning_trespassing_p1_vest.jpg,Orange,./Data_Vest_Crops/train/20240411_174154_warning_trespassing_p1_vest.jpg
20240411_174154_warning_trespassing_p0_vest.jpg,Yellow,./Data_Vest_Crops/train/20240411_174154_warning_trespassing_p0_vest.jpg
20240411_174102_warning_trespassing_p2_vest.jpg,Orange,./Data_Vest_Crops/train/20240411_174102_warning_trespassing_p2_vest.jpg
20240411_162236_warning_helmet_p1_vest.jpg,Orange,./Data_Vest_Crops/train/20240411_162236_warning_helmet_p1_vest.jpg
20240411_162236_warning_helmet_p0_vest.jpg,Orange,./Data_Vest_Crops/train/20240411_162236_warning_helmet_p0_vest.jpg
20240407_095416_warning_helmet_p0_vest.jpg,Orange,./Data_Vest_Crops/train/20240407_095416_warning_helmet_p0_vest.jpg
20240407_093054_warning_helmet_p0_vest.jpg,Yellow,./Data_Vest_Crops/train/20240407_093054_warning_helmet_p0_vest.jpg
20240330_100433_warning_helmet_p0_vest.jpg,Yellow,./Data_Vest_Crops/train/20240330_100433_warning_helmet_p0_vest.jpg
20240329_222245_warning_helmet_p0_vest.jpg,Yellow,./Data_Vest_Crops/train/20240329_222245_warning_helmet_p0_vest.jpg
20240326_202022_warning_helmet_p0_vest.jpg,Yellow,./Data_Vest_Crops/train/20240326_202022_warning_helmet_p0_vest.jpg
20240314_183038_warning_trespassing_p0_vest.jpg,Orange,./Data_Vest_Crops/train/20240314_183038_warning_trespassing_p0_vest.jpg
20240312_093402_warning_trespassing_p0_vest.jpg,Yellow,./Data_Vest_Crops/train/20240312_093402_warning_trespassing_p0_vest.jpg
20240312_091816_warning_trespassing_p0_vest.jpg,Yellow,./Data_Vest_Crops/train/20240312_091816_warning_trespassing_p0_vest.jpg
20240312_091431_warning_trespassing_p1_vest.jpg,Yellow,./Data_Vest_Crops/train/20240312_091431_warning_trespassing_p1_vest.jpg
20240312_091402_warning_trespassing_p0_vest.jpg,Yellow,./Data_Vest_Crops/train/20240312_091402_warning_trespassing_p0_vest.jpg
20240312_091347_warning_trespassing_p0_vest.jpg,Yellow,./Data_Vest_Crops/train/20240312_091347_warning_trespassing_p0_vest.jpg
20240312_091314_warning_trespassing_p1_vest.jpg,Yellow,./Data_Vest_Crops/train/20240312_091314_warning_trespassing_p1_vest.jpg
20240312_091058_warning_trespassing_p2_vest.jpg,Yellow,./Data_Vest_Crops/train/20240312_091058_warning_trespassing_p2_vest.jpg
20240312_091058_warning_trespassing_p1_vest.jpg,Yellow,./Data_Vest_Crops/train/20240312_091058_warning_trespassing_p1_vest.jpg
20240312_090828_warning_trespassing_p2_vest.jpg,Yellow,./Data_Vest_Crops/train/20240312_090828_warning_trespassing_p2_vest.jpg
20240312_090828_warning_trespassing_p1_vest.jpg,Orange,./Data_Vest_Crops/train/20240312_090828_warning_trespassing_p1_vest.jpg
20240312_090828_warning_trespassing_p0_vest.jpg,Orange,./Data_Vest_Crops/train/20240312_090828_warning_trespassing_p0_vest.jpg
20240312_090509_warning_trespassing_p5_vest.jpg,Yellow,./Data_Vest_Crops/train/20240312_090509_warning_trespassing_p5_vest.jpg
20240312_090509_warning_trespassing_p2_vest.jpg,Yellow,./Data_Vest_Crops/train/20240312_090509_warning_trespassing_p2_vest.jpg
20240312_090419_warning_trespassing_p5_vest.jpg,Yellow,./Data_Vest_Crops/train/20240312_090419_warning_trespassing_p5_vest.jpg
20240312_090419_warning_trespassing_p2_vest.jpg,Yellow,./Data_Vest_Crops/train/20240312_090419_warning_trespassing_p2_vest.jpg
20240312_090419_warning_trespassing_p0_vest.jpg,Orange,./Data_Vest_Crops/train/20240312_090419_warning_trespassing_p0_vest.jpg
20240312_090353_warning_trespassing_p0_vest.jpg,Yellow,./Data_Vest_Crops/train/20240312_090353_warning_trespassing_p0_vest.jpg
20240312_090231_warning_trespassing_p4_vest.jpg,Yellow,./Data_Vest_Crops/train/20240312_090231_warning_trespassing_p4_vest.jpg
20240312_090231_warning_trespassing_p2_vest.jpg,Orange,./Data_Vest_Crops/train/20240312_090231_warning_trespassing_p2_vest.jpg
20240312_090231_warning_trespassing_p1_vest.jpg,Yellow,./Data_Vest_Crops/train/20240312_090231_warning_trespassing_p1_vest.jpg
20240312_090231_warning_trespassing_p0_vest.jpg,Yellow,./Data_Vest_Crops/train/20240312_090231_warning_trespassing_p0_vest.jpg
20240312_090213_warning_trespassing_p4_vest.jpg,Yellow,./Data_Vest_Crops/train/20240312_090213_warning_trespassing_p4_vest.jpg
20240312_090213_warning_trespassing_p3_vest.jpg,Yellow,./Data_Vest_Crops/train/20240312_090213_warning_trespassing_p3_vest.jpg
20240312_090213_warning_trespassing_p2_vest.jpg,Orange,./Data_Vest_Crops/train/20240312_090213_warning_trespassing_p2_vest.jpg
20240312_090035_warning_trespassing_p0_vest.jpg,Orange,./Data_Vest_Crops/train/20240312_090035_warning_trespassing_p0_vest.jpg
20240312_090025_warning_trespassing_p0_vest.jpg,Yellow,./Data_Vest_Crops/train/20240312_090025_warning_trespassing_p0_vest.jpg
20240229_060022_warning_helmet_p0_vest.jpg,Orange,./Data_Vest_Crops/train/20240229_060022_warning_helmet_p0_vest.jpg
20240229_055931_warning_trespassing_p2_vest.jpg,Orange,./Data_Vest_Crops/train/20240229_055931_warning_trespassing_p2_vest.jpg
20240229_055931_warning_trespassing_p1_vest.jpg,Orange,./Data_Vest_Crops/train/20240229_055931_warning_trespassing_p1_vest.jpg
20240229_055931_warning_trespassing_p0_vest.jpg,Yellow,./Data_Vest_Crops/train/20240229_055931_warning_trespassing_p0_vest.jpg
20240229_055704_warning_trespassing_p0_vest.jpg,Orange,./Data_Vest_Crops/train/20240229_055704_warning_trespassing_p0_vest.jpg
20240229_055626_warning_trespassing_p1_vest.jpg,Yellow,./Data_Vest_Crops/train/20240229_055626_warning_trespassing_p1_vest.jpg
20240229_055444_warning_helmet_p0_vest.jpg,Yellow,./Data_Vest_Crops/train/20240229_055444_warning_helmet_p0_vest.jpg
20240229_055421_warning_trespassing_p1_vest.jpg,Orange,./Data_Vest_Crops/train/20240229_055421_warning_trespassing_p1_vest.jpg
20240229_055421_warning_trespassing_p0_vest.jpg,Yellow,./Data_Vest_Crops/train/20240229_055421_warning_trespassing_p0_vest.jpg
20240229_055234_warning_helmet_p2_vest.jpg,Orange,./Data_Vest_Crops/train/20240229_055234_warning_helmet_p2_vest.jpg
20240229_055234_warning_helmet_p1_vest.jpg,Yellow,./Data_Vest_Crops/train/20240229_055234_warning_helmet_p1_vest.jpg
20240229_055234_warning_helmet_p0_vest.jpg,Orange,./Data_Vest_Crops/train/20240229_055234_warning_helmet_p0_vest.jpg
20240229_055218_warning_helmet_p3_vest.jpg,Orange,./Data_Vest_Crops/train/20240229_055218_warning_helmet_p3_vest.jpg
20240229_055218_warning_helmet_p2_vest.jpg,Yellow,./Data_Vest_Crops/train/20240229_055218_warning_helmet_p2_vest.jpg
20240229_055218_warning_helmet_p0_vest.jpg,Orange,./Data_Vest_Crops/train/20240229_055218_warning_helmet_p0_vest.jpg
20240229_055047_warning_helmet_p0_vest.jpg,Yellow,./Data_Vest_Crops/train/20240229_055047_warning_helmet_p0_vest.jpg
20240229_055020_warning_helmet_p1_vest.jpg,Orange,./Data_Vest_Crops/train/20240229_055020_warning_helmet_p1_vest.jpg
20240229_055001_warning_helmet_p2_vest.jpg,Orange,./Data_Vest_Crops/train/20240229_055001_warning_helmet_p2_vest.jpg
20240229_054902_warning_helmet_p1_vest.jpg,Orange,./Data_Vest_Crops/train/20240229_054902_warning_helmet_p1_vest.jpg
20240229_054902_warning_helmet_p0_vest.jpg,Orange,./Data_Vest_Crops/train/20240229_054902_warning_helmet_p0_vest.jpg
20240229_054848_warning_helmet_p1_vest.jpg,Orange,./Data_Vest_Crops/train/20240229_054848_warning_helmet_p1_vest.jpg
20240229_054848_warning_helmet_p0_vest.jpg,Orange,./Data_Vest_Crops/train/20240229_054848_warning_helmet_p0_vest.jpg
20240229_054845_warning_helmet_p0_vest.jpg,Orange,./Data_Vest_Crops/train/20240229_054845_warning_helmet_p0_vest.jpg
20240229_054832_warning_helmet_p0_vest.jpg,Yellow,./Data_Vest_Crops/train/20240229_054832_warning_helmet_p0_vest.jpg
20240229_054806_warning_helmet_p2_vest.jpg,Yellow,./Data_Vest_Crops/train/20240229_054806_warning_helmet_p2_vest.jpg
20240229_054806_warning_helmet_p1_vest.jpg,Orange,./Data_Vest_Crops/train/20240229_054806_warning_helmet_p1_vest.jpg
20240229_054806_warning_helmet_p0_vest.jpg,Orange,./Data_Vest_Crops/train/20240229_054806_warning_helmet_p0_vest.jpg
20240229_054627_warning_helmet_p1_vest.jpg,Orange,./Data_Vest_Crops/train/20240229_054627_warning_helmet_p1_vest.jpg
20240216_115651_warning_trespassing_p0_vest.jpg,Yellow,./Data_Vest_Crops/train/20240216_115651_warning_trespassing_p0_vest.jpg
20240216_115619_warning_trespassing_p0_vest.jpg,Yellow,./Data_Vest_Crops/train/20240216_115619_warning_trespassing_p0_vest.jpg
20240214_120930_warning_helmet_p0_vest.jpg,Yellow,./Data_Vest_Crops/train/20240214_120930_warning_helmet_p0_vest.jpg
20240214_120429_warning_helmet_p0_vest.jpg,Orange,./Data_Vest_Crops/train/20240214_120429_warning_helmet_p0_vest.jpg
20240214_120419_warning_helmet_p0_vest.jpg,Orange,./Data_Vest_Crops/train/20240214_120419_warning_helmet_p0_vest.jpg
20240214_120348_warning_helmet_p0_vest.jpg,Orange,./Data_Vest_Crops/train/20240214_120348_warning_helmet_p0_vest.jpg
20240214_115958_warning_helmet_p0_vest.jpg,Orange,./Data_Vest_Crops/train/20240214_115958_warning_helmet_p0_vest.jpg
20240214_115859_warning_helmet_p0_vest.jpg,Orange,./Data_Vest_Crops/train/20240214_115859_warning_helmet_p0_vest.jpg
20240214_115740_warning_helmet_p0_vest.jpg,Orange,./Data_Vest_Crops/train/20240214_115740_warning_helmet_p0_vest.jpg
20240214_115731_warning_trespassing_p0_vest.jpg,Orange,./Data_Vest_Crops/train/20240214_115731_warning_trespassing_p0_vest.jpg
20240214_115724_warning_helmet_p0_vest.jpg,Orange,./Data_Vest_Crops/train/20240214_115724_warning_helmet_p0_vest.jpg
20240214_115707_warning_helmet_p0_vest.jpg,Orange,./Data_Vest_Crops/train/20240214_115707_warning_helmet_p0_vest.jpg
20240214_115344_warning_helmet_p0_vest.jpg,Yellow,./Data_Vest_Crops/train/20240214_115344_warning_helmet_p0_vest.jpg
20240214_114952_warning_helmet_p0_vest.jpg,Yellow,./Data_Vest_Crops/train/20240214_114952_warning_helmet_p0_vest.jpg
20240214_112422_warning_helmet_p0_vest.jpg,Yellow,./Data_Vest_Crops/train/20240214_112422_warning_helmet_p0_vest.jpg
20240214_112414_warning_trespassing_p0_vest.jpg,Yellow,./Data_Vest_Crops/train/20240214_112414_warning_trespassing_p0_vest.jpg
20240214_093555_warning_helmet_p0_vest.jpg,Orange,./Data_Vest_Crops/train/20240214_093555_warning_helmet_p0_vest.jpg
20240214_093359_warning_helmet_p1_vest.jpg,Orange,./Data_Vest_Crops/train/20240214_093359_warning_helmet_p1_vest.jpg
20240214_093353_warning_helmet_p1_vest.jpg,Orange,./Data_Vest_Crops/train/20240214_093353_warning_helmet_p1_vest.jpg
20240214_093351_warning_helmet_p1_vest.jpg,Orange,./Data_Vest_Crops/train/20240214_093351_warning_helmet_p1_vest.jpg
20240205_111307_warning_trespassing_p0_vest.jpg,Orange,./Data_Vest_Crops/train/20240205_111307_warning_trespassing_p0_vest.jpg
20240204_141539_warning_trespassing_p1_vest.jpg,Yellow,./Data_Vest_Crops/train/20240204_141539_warning_trespassing_p1_vest.jpg
20240204_141539_warning_trespassing_p0_vest.jpg,Orange,./Data_Vest_Crops/train/20240204_141539_warning_trespassing_p0_vest.jpg
20240204_131958_warning_trespassing_p0_vest.jpg,Yellow,./Data_Vest_Crops/train/20240204_131958_warning_trespassing_p0_vest.jpg
20240204_131732_warning_trespassing_p1_vest.jpg,Orange,./Data_Vest_Crops/train/20240204_131732_warning_trespassing_p1_vest.jpg
20240204_131720_warning_trespassing_p0_vest.jpg,Yellow,./Data_Vest_Crops/train/20240204_131720_warning_trespassing_p0_vest.jpg
20240204_131347_warning_trespassing_p0_vest.jpg,Orange,./Data_Vest_Crops/train/20240204_131347_warning_trespassing_p0_vest.jpg
20240204_123117_warning_trespassing_p0_vest.jpg,Orange,./Data_Vest_Crops/train/20240204_123117_warning_trespassing_p0_vest.jpg
20240204_115708_warning_trespassing_p0_vest.jpg,Yellow,./Data_Vest_Crops/train/20240204_115708_warning_trespassing_p0_vest.jpg
20240204_115655_warning_trespassing_p0_vest.jpg,Orange,./Data_Vest_Crops/train/20240204_115655_warning_trespassing_p0_vest.jpg
20240204_115643_warning_trespassing_p0_vest.jpg,Orange,./Data_Vest_Crops/train/20240204_115643_warning_trespassing_p0_vest.jpg
20240204_115639_warning_trespassing_p0_vest.jpg,Orange,./Data_Vest_Crops/train/20240204_115639_warning_trespassing_p0_vest.jpg
20240204_115633_warning_trespassing_p0_vest.jpg,Orange,./Data_Vest_Crops/train/20240204_115633_warning_trespassing_p0_vest.jpg
20240204_115631_warning_trespassing_p1_vest.jpg,Orange,./Data_Vest_Crops/train/20240204_115631_warning_trespassing_p1_vest.jpg
20240204_115631_warning_trespassing_p0_vest.jpg,Yellow,./Data_Vest_Crops/train/20240204_115631_warning_trespassing_p0_vest.jpg
20240204_115456_warning_trespassing_p0_vest.jpg,Yellow,./Data_Vest_Crops/train/20240204_115456_warning_trespassing_p0_vest.jpg
20240204_115446_warning_trespassing_p0_vest.jpg,Yellow,./Data_Vest_Crops/train/20240204_115446_warning_trespassing_p0_vest.jpg
20240204_115356_warning_trespassing_p1_vest.jpg,Yellow,./Data_Vest_Crops/train/20240204_115356_warning_trespassing_p1_vest.jpg
20240204_115336_warning_trespassing_p2_vest.jpg,Orange,./Data_Vest_Crops/train/20240204_115336_warning_trespassing_p2_vest.jpg
20240204_115336_warning_trespassing_p0_vest.jpg,Yellow,./Data_Vest_Crops/train/20240204_115336_warning_trespassing_p0_vest.jpg
20240204_115325_warning_trespassing_p0_vest.jpg,Yellow,./Data_Vest_Crops/train/20240204_115325_warning_trespassing_p0_vest.jpg
20240204_115305_warning_trespassing_p1_vest.jpg,Yellow,./Data_Vest_Crops/train/20240204_115305_warning_trespassing_p1_vest.jpg
20240204_115245_warning_trespassing_p0_vest.jpg,Yellow,./Data_Vest_Crops/train/20240204_115245_warning_trespassing_p0_vest.jpg
20240204_115144_warning_trespassing_p1_vest.jpg,Orange,./Data_Vest_Crops/train/20240204_115144_warning_trespassing_p1_vest.jpg
20240204_115144_warning_trespassing_p0_vest.jpg,Yellow,./Data_Vest_Crops/train/20240204_115144_warning_trespassing_p0_vest.jpg
20240204_115134_warning_trespassing_p1_vest.jpg,Orange,./Data_Vest_Crops/train/20240204_115134_warning_trespassing_p1_vest.jpg
20240204_115134_warning_trespassing_p0_vest.jpg,Yellow,./Data_Vest_Crops/train/20240204_115134_warning_trespassing_p0_vest.jpg
20240204_115044_warning_trespassing_p2_vest.jpg,Yellow,./Data_Vest_Crops/train/20240204_115044_warning_trespassing_p2_vest.jpg
20240204_115044_warning_trespassing_p0_vest.jpg,Orange,./Data_Vest_Crops/train/20240204_115044_warning_trespassing_p0_vest.jpg
20240204_115034_warning_trespassing_p0_vest.jpg,Orange,./Data_Vest_Crops/train/20240204_115034_warning_trespassing_p0_vest.jpg
20240204_114912_warning_trespassing_p0_vest.jpg,Orange,./Data_Vest_Crops/train/20240204_114912_warning_trespassing_p0_vest.jpg
20240204_114739_warning_trespassing_p0_vest.jpg,Orange,./Data_Vest_Crops/train/20240204_114739_warning_trespassing_p0_vest.jpg
20240204_114528_warning_trespassing_p1_vest.jpg,Yellow,./Data_Vest_Crops/train/20240204_114528_warning_trespassing_p1_vest.jpg
20240204_114528_warning_trespassing_p0_vest.jpg,Orange,./Data_Vest_Crops/train/20240204_114528_warning_trespassing_p0_vest.jpg
20240204_114518_warning_trespassing_p1_vest.jpg,Orange,./Data_Vest_Crops/train/20240204_114518_warning_trespassing_p1_vest.jpg
20240204_114518_warning_trespassing_p0_vest.jpg,Yellow,./Data_Vest_Crops/train/20240204_114518_warning_trespassing_p0_vest.jpg
20240204_114508_warning_trespassing_p0_vest.jpg,Yellow,./Data_Vest_Crops/train/20240204_114508_warning_trespassing_p0_vest.jpg
20240204_114457_warning_trespassing_p0_vest.jpg,Yellow,./Data_Vest_Crops/train/20240204_114457_warning_trespassing_p0_vest.jpg
20240204_114447_warning_trespassing_p0_vest.jpg,Yellow,./Data_Vest_Crops/train/20240204_114447_warning_trespassing_p0_vest.jpg
20240204_114417_warning_trespassing_p0_vest.jpg,Yellow,./Data_Vest_Crops/train/20240204_114417_warning_trespassing_p0_vest.jpg
20240204_114347_warning_trespassing_p0_vest.jpg,Yellow,./Data_Vest_Crops/train/20240204_114347_warning_trespassing_p0_vest.jpg
20240204_114327_warning_trespassing_p0_vest.jpg,Yellow,./Data_Vest_Crops/train/20240204_114327_warning_trespassing_p0_vest.jpg
20240204_114310_warning_trespassing_p0_vest.jpg,Yellow,./Data_Vest_Crops/train/20240204_114310_warning_trespassing_p0_vest.jpg
20240204_114307_warning_trespassing_p0_vest.jpg,Yellow,./Data_Vest_Crops/train/20240204_114307_warning_trespassing_p0_vest.jpg
20240204_114257_warning_trespassing_p0_vest.jpg,Yellow,./Data_Vest_Crops/train/20240204_114257_warning_trespassing_p0_vest.jpg
20240204_114247_warning_trespassing_p0_vest.jpg,Yellow,./Data_Vest_Crops/train/20240204_114247_warning_trespassing_p0_vest.jpg
20240204_114236_warning_trespassing_p0_vest.jpg,Yellow,./Data_Vest_Crops/train/20240204_114236_warning_trespassing_p0_vest.jpg
20240204_114226_warning_trespassing_p1_vest.jpg,Orange,./Data_Vest_Crops/train/20240204_114226_warning_trespassing_p1_vest.jpg
20240204_114226_warning_trespassing_p0_vest.jpg,Yellow,./Data_Vest_Crops/train/20240204_114226_warning_trespassing_p0_vest.jpg
20240204_114156_warning_trespassing_p1_vest.jpg,Yellow,./Data_Vest_Crops/train/20240204_114156_warning_trespassing_p1_vest.jpg
20250330_180305_warning_trespassing_p2_vest.jpg,Yellow,./Data_Vest_Crops/val/20250330_180305_warning_trespassing_p2_vest.jpg
20250330_180305_warning_trespassing_p0_vest.jpg,Orange,./Data_Vest_Crops/val/20250330_180305_warning_trespassing_p0_vest.jpg
20241105_171650_warning_trespassing_p0_vest.jpg,Orange,./Data_Vest_Crops/val/20241105_171650_warning_trespassing_p0_vest.jpg
20241031_133857_warning_trespassing_p0_vest.jpg,Yellow,./Data_Vest_Crops/val/20241031_133857_warning_trespassing_p0_vest.jpg
20240918_104516_warning_trespassing_p0_vest.jpg,Orange,./Data_Vest_Crops/val/20240918_104516_warning_trespassing_p0_vest.jpg
20240801_121836_warning_trespassing_p1_vest.jpg,Yellow,./Data_Vest_Crops/val/20240801_121836_warning_trespassing_p1_vest.jpg
20240801_120916_warning_trespassing_p0_vest.jpg,Orange,./Data_Vest_Crops/val/20240801_120916_warning_trespassing_p0_vest.jpg
20240519_160552_warning_trespassing_p1_vest.jpg,Orange,./Data_Vest_Crops/val/20240519_160552_warning_trespassing_p1_vest.jpg
20240519_160552_warning_trespassing_p0_vest.jpg,Yellow,./Data_Vest_Crops/val/20240519_160552_warning_trespassing_p0_vest.jpg
20240519_111504_warning_trespassing_p0_vest.jpg,Yellow,./Data_Vest_Crops/val/20240519_111504_warning_trespassing_p0_vest.jpg
20240505_125822_warning_helmet_p0_vest.jpg,Yellow,./Data_Vest_Crops/val/20240505_125822_warning_helmet_p0_vest.jpg
20240411_180218_warning_trespassing_p2_vest.jpg,Orange,./Data_Vest_Crops/val/20240411_180218_warning_trespassing_p2_vest.jpg
20240411_175746_warning_trespassing_p2_vest.jpg,Orange,./Data_Vest_Crops/val/20240411_175746_warning_trespassing_p2_vest.jpg
20240411_175746_warning_trespassing_p1_vest.jpg,Orange,./Data_Vest_Crops/val/20240411_175746_warning_trespassing_p1_vest.jpg
20240411_175746_warning_trespassing_p0_vest.jpg,Yellow,./Data_Vest_Crops/val/20240411_175746_warning_trespassing_p0_vest.jpg
20240407_095317_warning_helmet_p1_vest.jpg,Orange,./Data_Vest_Crops/val/20240407_095317_warning_helmet_p1_vest.jpg
20240314_171745_warning_trespassing_p0_vest.jpg,Yellow,./Data_Vest_Crops/val/20240314_171745_warning_trespassing_p0_vest.jpg
20240312_090823_warning_trespassing_p3_vest.jpg,Orange,./Data_Vest_Crops/val/20240312_090823_warning_trespassing_p3_vest.jpg
20240312_090823_warning_trespassing_p1_vest.jpg,Orange,./Data_Vest_Crops/val/20240312_090823_warning_trespassing_p1_vest.jpg
20240312_090823_warning_trespassing_p0_vest.jpg,Yellow,./Data_Vest_Crops/val/20240312_090823_warning_trespassing_p0_vest.jpg
20240229_055423_warning_trespassing_p1_vest.jpg,Orange,./Data_Vest_Crops/val/20240229_055423_warning_trespassing_p1_vest.jpg
20240229_055423_warning_trespassing_p0_vest.jpg,Yellow,./Data_Vest_Crops/val/20240229_055423_warning_trespassing_p0_vest.jpg
20240229_054540_warning_helmet_p0_vest.jpg,Orange,./Data_Vest_Crops/val/20240229_054540_warning_helmet_p0_vest.jpg
20240214_115003_warning_trespassing_p0_vest.jpg,Yellow,./Data_Vest_Crops/val/20240214_115003_warning_trespassing_p0_vest.jpg
20240214_093607_warning_helmet_p1_vest.jpg,Orange,./Data_Vest_Crops/val/20240214_093607_warning_helmet_p1_vest.jpg
20240204_123120_warning_trespassing_p0_vest.jpg,Orange,./Data_Vest_Crops/val/20240204_123120_warning_trespassing_p0_vest.jpg
20240204_114437_warning_trespassing_p0_vest.jpg,Yellow,./Data_Vest_Crops/val/20240204_114437_warning_trespassing_p0_vest.jpg
20240204_114412_warning_trespassing_p0_vest.jpg,Yellow,./Data_Vest_Crops/val/20240204_114412_warning_trespassing_p0_vest.jpg
20240204_114407_warning_trespassing_p0_vest.jpg,Yellow,./Data_Vest_Crops/val/20240204_114407_warning_trespassing_p0_vest.jpg
20240204_114146_warning_trespassing_p0_vest.jpg,Yellow,./Data_Vest_Crops/val/20240204_114146_warning_trespassing_p0_vest.jpg
20240627_132344_warning_trespassing_p0_vest.jpg,Orange,./Data_Vest_Crops/test/20240627_132344_warning_trespassing_p0_vest.jpg
20240601_164103_warning_trespassing_p0_vest.jpg,Yellow,./Data_Vest_Crops/test/20240601_164103_warning_trespassing_p0_vest.jpg
20240520_165633_warning_trespassing_p0_vest.jpg,Orange,./Data_Vest_Crops/test/20240520_165633_warning_trespassing_p0_vest.jpg
20240519_171159_warning_trespassing_p1_vest.jpg,Orange,./Data_Vest_Crops/test/20240519_171159_warning_trespassing_p1_vest.jpg
20240519_171159_warning_trespassing_p0_vest.jpg,Yellow,./Data_Vest_Crops/test/20240519_171159_warning_trespassing_p0_vest.jpg
20240512_182553_warning_trespassing_p0_vest.jpg,Yellow,./Data_Vest_Crops/test/20240512_182553_warning_trespassing_p0_vest.jpg
20240503_164317_warning_helmet_p1_vest.jpg,Orange,./Data_Vest_Crops/test/20240503_164317_warning_helmet_p1_vest.jpg
20240503_164317_warning_helmet_p0_vest.jpg,Yellow,./Data_Vest_Crops/test/20240503_164317_warning_helmet_p0_vest.jpg
20240411_180454_warning_trespassing_p2_vest.jpg,Orange,./Data_Vest_Crops/test/20240411_180454_warning_trespassing_p2_vest.jpg
20240411_180454_warning_trespassing_p0_vest.jpg,Orange,./Data_Vest_Crops/test/20240411_180454_warning_trespassing_p0_vest.jpg
20240407_133334_warning_trespassing_p0_vest.jpg,Yellow,./Data_Vest_Crops/test/20240407_133334_warning_trespassing_p0_vest.jpg
20240312_153626_warning_helmet_p1_vest.jpg,Yellow,./Data_Vest_Crops/test/20240312_153626_warning_helmet_p1_vest.jpg
20240312_153626_warning_helmet_p0_vest.jpg,Orange,./Data_Vest_Crops/test/20240312_153626_warning_helmet_p0_vest.jpg
20240312_090225_warning_trespassing_p4_vest.jpg,Yellow,./Data_Vest_Crops/test/20240312_090225_warning_trespassing_p4_vest.jpg
20240312_090225_warning_trespassing_p1_vest.jpg,Yellow,./Data_Vest_Crops/test/20240312_090225_warning_trespassing_p1_vest.jpg
20240312_090225_warning_trespassing_p0_vest.jpg,Orange,./Data_Vest_Crops/test/20240312_090225_warning_trespassing_p0_vest.jpg
20240229_055238_warning_helmet_p2_vest.jpg,Orange,./Data_Vest_Crops/test/20240229_055238_warning_helmet_p2_vest.jpg
20240229_054744_warning_helmet_p3_vest.jpg,Yellow,./Data_Vest_Crops/test/20240229_054744_warning_helmet_p3_vest.jpg
20240229_054744_warning_helmet_p2_vest.jpg,Orange,./Data_Vest_Crops/test/20240229_054744_warning_helmet_p2_vest.jpg
20240214_092148_warning_helmet_p0_vest.jpg,Orange,./Data_Vest_Crops/test/20240214_092148_warning_helmet_p0_vest.jpg
20240205_105847_warning_trespassing_p0_vest.jpg,Yellow,./Data_Vest_Crops/test/20240205_105847_warning_trespassing_p0_vest.jpg
20240204_115914_warning_trespassing_p0_vest.jpg,Yellow,./Data_Vest_Crops/test/20240204_115914_warning_trespassing_p0_vest.jpg
20240204_115154_warning_trespassing_p1_vest.jpg,Yellow,./Data_Vest_Crops/test/20240204_115154_warning_trespassing_p1_vest.jpg
20240204_115023_warning_trespassing_p0_vest.jpg,Orange,./Data_Vest_Crops/test/20240204_115023_warning_trespassing_p0_vest.jpg
20240204_115013_warning_trespassing_p2_vest.jpg,Yellow,./Data_Vest_Crops/test/20240204_115013_warning_trespassing_p2_vest.jpg
20240204_114357_warning_trespassing_p0_vest.jpg,Yellow,./Data_Vest_Crops/test/20240204_114357_warning_trespassing_p0_vest.jpg
20240204_114337_warning_trespassing_p0_vest.jpg,Yellow,./Data_Vest_Crops/test/20240204_114337_warning_trespassing_p0_vest.jpg
